gender;age;height;weight;bmi
female;21;164.0;53.0;19.705532421177875
female;21;164.0;53.0;19.705532421177875
male;21;193.0;60.0;16.107814974898655
male;21;193.0;60.0;16.107814974898655
female;21;164.0;53.0;19.705532421177875
female;21;164.0;53.0;19.705532421177875
female;25;190.0;90.0;24.930747922437675
male;15;150.0;40.0;17.77777777777778
male;15;150.0;40.0;17.77777777777778
female;21;164.0;53.0;19.705532421177875
